,catchSeparation,xReceiverMate1,yReceiverMate1,xReceiverMate2,yReceiverMate2,xReceiverMate3,yReceiverMate3,xReceiverMate4,yReceiverMate4,xcatchingReceiverRoute,ycatchingReceiverRoute,down,yardsToGo,offenseFormation,defendersInTheBox,numberOfPassRushers,personnel.defense,personnel.offense
count,3490.0,3490.0,3490.0,3490.0,3490.0,3490.0,3490.0,3490.0,3490.0,3490.0,3490.0,3490.0,3490.0,3490.0,3490.0,3490.0,3490.0,3490.0
mean,3.345054879973772,1.2527220630372493,2.665616045845272,1.2558739255014326,2.662464183381089,1.2624641833810888,2.6902578796561603,1.2507163323782235,2.664756446991404,1.1641833810888251,2.605730659025788,1.8859598853868196,9.230372492836675,1.6478510028653295,6.061318051575931,4.140687679083094,4.430372492836677,2.0747851002865327
std,2.3652834938781635,0.4713333204826314,1.3195157407378248,0.4662604949006169,1.3162109396333346,0.4864406225090485,1.353336139607056,0.47512596847396854,1.3340960533050057,0.4211800570782122,1.1862261702699783,0.8194070576724162,4.086860732110734,1.0177852196676078,0.9767838055275171,0.8192864286060635,3.3297593558180956,1.8603803184947338
min,0.07280109889281218,1.0,1.0,1.0,1.0,1.0,1.0,1.0,1.0,1.0,1.0,1.0,1.0,1.0,2.0,0.0,1.0,1.0
25%,1.5089648523733534,1.0,2.0,1.0,2.0,1.0,2.0,1.0,2.0,1.0,2.0,1.0,7.0,1.0,6.0,4.0,1.0,1.0
50%,2.7772198328398416,1.0,3.0,1.0,3.0,1.0,3.0,1.0,3.0,1.0,3.0,2.0,10.0,1.0,6.0,4.0,5.0,1.0
75%,4.675483932162983,1.0,3.0,1.0,3.0,1.0,3.0,1.0,3.0,1.0,3.0,3.0,10.0,2.0,7.0,4.0,6.0,4.0
max,15.653948383714573,3.0,7.0,3.0,7.0,3.0,8.0,3.0,8.0,3.0,7.0,4.0,30.0,6.0,9.0,8.0,24.0,14.0
